     66 Avi Kivity -- avi@qumranet.com
      7 Ingo Molnar -- mingo@elte.hu
      4 Michael Riepe -- michael@mr511.de
      2 Yoshimi Ichiyanagi -- ichiyanagi.yoshimi@lab.ntt.co.jp
      2 Dor Laor -- dor.laor@qumranet.com
      1 Uri Lublin -- uril@qumranet.com
      1 Robert P. J. Day -- rpjday@mindspring.com
      1 Nguyen Anh Quynh -- aquynh@gmail.com
      1 Leonard Norrgard -- leonard.norrgard@refactor.fi
      1 Joerg Roedel -- joerg.roedel@amd.com
      1 James Morris -- jmorris@namei.org
      1 Herbert Xu -- herbert@gondor.apana.org.au
      1 Anthony Liguori -- anthony@codemonkey.ws
