     29 Andre Przywara -- andre.przywara@arm.com
     16 Suzuki K Poulose -- suzuki.poulose@arm.com
     14 James Hogan -- james.hogan@imgtec.com
     14 Christoffer Dall -- christoffer.dall@linaro.org
     12 Marc Zyngier -- marc.zyngier@arm.com
     12 Eric Auger -- eric.auger@linaro.org
      9 Suravee Suthikulpanit -- Suravee.Suthikulpanit@amd.com
      9 Paolo Bonzini -- pbonzini@redhat.com
      8 David Hildenbrand -- dahi@linux.vnet.ibm.com
      7 Paul E. McKenney -- paulmck@linux.vnet.ibm.com
      5 Borislav Petkov -- bp@suse.de
      4 Suravee Suthikulpanit -- suravee.suthikulpanit@amd.com
      4 Janosch Frank -- frankja@linux.vnet.ibm.com
      4 James Morse -- james.morse@arm.com
      3 Paul Burton -- paul.burton@imgtec.com
      3 Halil Pasic -- pasic@linux.vnet.ibm.com
      3 Christian Borntraeger -- borntraeger@de.ibm.com
      3 Aneesh Kumar K.V -- aneesh.kumar@linux.vnet.ibm.com
      3 Alexander Yarygin -- yarygin@linux.vnet.ibm.com
      2 Paul Mackerras -- paulus@ozlabs.org
      2 Marcelo Tosatti -- mtosatti@redhat.com
      2 Julien Grall -- julien.grall@arm.com
      2 Greg Kurz -- gkurz@linux.vnet.ibm.com
      2 Geoff Levand -- geoff@infradead.org
      2 Andy Lutomirski -- luto@kernel.org
      1 Yang Zhang -- yang.zhang.wz@gmail.com
      1 Xiubo Li -- lixiubo@cmss.chinamobile.com
      1 Xiao Guangrong -- guangrong.xiao@linux.intel.com
      1 Wanpeng Li -- wanpeng.li@hotmail.com
      1 Sudeep Holla -- sudeep.holla@arm.com
      1 Roman Kagan -- rkagan@virtuozzo.com
      1 Radim Krčmář -- rkrcmar@redhat.com
      1 Quentin Casasnovas -- quentin.casasnovas@oracle.com
      1 Nadav Amit -- nadav.amit@gmail.com
      1 Michael Ellerman -- mpe@ellerman.id.au
      1 Matt Evans -- matt.evans@arm.com
      1 Masanari Iida -- standby24x7@gmail.com
      1 Luis R. Rodriguez -- mcgrof@kernel.org
      1 Liang Chen -- liangchen.linux@gmail.com
      1 Laurent Vivier -- lvivier@redhat.com
      1 Jan Kiszka -- jan.kiszka@siemens.com
      1 Hemant Kumar -- hemant@linux.vnet.ibm.com
      1 Gavin Shan -- gwshan@linux.vnet.ibm.com
      1 Eric Engestrom -- eric@engestrom.ch
      1 Dmitry Bilunov -- kmeaw@yandex-team.ru
      1 Dan Carpenter -- dan.carpenter@oracle.com
      1 Catalin Marinas -- catalin.marinas@arm.com
      1 Bruce Rogers -- brogers@suse.com
      1 Arnaldo Carvalho de Melo -- acme@redhat.com
      1 Andy Honig -- ahonig@google.com
      1 Alex Williamson -- alex.williamson@redhat.com
      1 Alexey Kardashevskiy -- aik@ozlabs.ru
      1 AKASHI Takahiro -- takahiro.akashi@linaro.org
