     34 Rusty Russell -- rusty@rustcorp.com.au
     20 Avi Kivity -- avi@qumranet.com
     15 Nitin A Kamble -- nitin.a.kamble@intel.com
     12 Eddie Dong -- eddie.dong@intel.com
     11 Laurent Vivier -- Laurent.Vivier@bull.net
      7 He, Qing -- qing.he@intel.com
      5 Yang, Sheng -- sheng.yang@intel.com
      5 Izik Eidus -- izike@qumranet.com
      3 Shaohua Li -- shaohua.li@intel.com
      3 Amit Shah -- amit.shah@qumranet.com
      2 Qing He -- qing.he@intel.com
      2 Kevin Pedretti -- kevin.pedretti@gmail.com
      2 Jeff Dike -- jdike@addtoit.com
      2 Aurelien Jarno -- aurelien@aurel32.net
      1 Sheng Yang -- sheng.yang@intel.com
      1 Nguyen Anh Quynh -- aquynh@gmail.com
      1 Li, Xin B -- xin.b.li@intel.com
      1 Gregory Haskins -- ghaskins@novell.com
      1 Gabriel C -- nix.or.die@googlemail.com
      1 Christian Ehrhardt -- ehrhardt@linux.vnet.ibm.com
