     31 Vitaly Kuznetsov -- vkuznets@redhat.com
     26 Paul Mackerras -- paulus@ozlabs.org
     22 Sean Christopherson -- sean.j.christopherson@intel.com
     15 Suzuki K Poulose -- suzuki.poulose@arm.com
     13 Andrew Jones -- drjones@redhat.com
     10 Pierre Morel -- pmorel@linux.ibm.com
     10 Jim Mattson -- jmattson@google.com
      9 Suraj Jitindar Singh -- sjitindarsingh@gmail.com
      9 Liran Alon -- liran.alon@oracle.com
      7 Wei Yang -- richard.weiyang@gmail.com
      6 Alexey Kardashevskiy -- aik@ozlabs.ru
      4 Uros Bizjak -- ubizjak@gmail.com
      4 Tony Krowiak -- akrowiak@linux.ibm.com
      4 Paolo Bonzini -- pbonzini@redhat.com
      3 Wanpeng Li -- wanpengli@tencent.com
      3 Peng Hao -- peng.hao2@zte.com.cn
      2 Yi Wang -- wang.yi59@zte.com.cn
      2 Tzvetomir Stoyanov (VMware) -- tz.stoyanov@gmail.com
      2 Marc Zyngier -- marc.zyngier@arm.com
      2 Eric W. Biederman -- ebiederm@xmission.com
      2 Dongjiu Geng -- gengdongjiu@huawei.com
      2 David Hildenbrand -- david@redhat.com
      2 Arnaldo Carvalho de Melo -- acme@redhat.com
      1 zhong jiang -- zhongjiang@huawei.com
      1 Zhenyu Wang -- zhenyuw@linux.intel.com
      1 Will Deacon -- will.deacon@arm.com
      1 Wei Wang -- wawei@amazon.de
      1 Wanpeng Li -- kernellwp@gmail.com
      1 Vladimir Murzin -- vladimir.murzin@arm.com
      1 Tianyu Lan -- Tianyu.Lan@microsoft.com
      1 Scott Wood -- oss@buserror.net
      1 Radim Krčmář -- rkrcmar@redhat.com
      1 Pu Wen -- puwen@hygon.cn
      1 Punit Agrawal -- punit.agrawal@arm.com
      1 Paul E. McKenney -- paulmck@linux.vnet.ibm.com
      1 Mike Rapoport -- rppt@linux.vnet.ibm.com
      1 Michał Winiarski -- michal.winiarski@intel.com
      1 Michal Hocko -- mhocko@suse.com
      1 Michael Roth -- mdroth@linux.vnet.ibm.com
      1 Michael Ellerman -- mpe@ellerman.id.au
      1 Mark Rutland -- mark.rutland@arm.com
      1 Luiz Capitulino -- lcapitulino@redhat.com
      1 Leonid Shatz -- leonid.shatz@oracle.com
      1 Lénaïc Huard -- lenaic@lhuard.fr
      1 Lan Tianyu -- Tianyu.Lan@microsoft.com
      1 Ladi Prosek -- lprosek@redhat.com
      1 Kristina Martsenko -- kristina.martsenko@arm.com
      1 Krish Sadhukhan -- krish.sadhukhan@oracle.com
      1 KarimAllah Ahmed -- karahmed@amazon.de
      1 Junaid Shahid -- junaids@google.com
      1 Juergen Gross -- jgross@suse.com
      1 Jordan Borgner -- mail@jordan-borgner.de
      1 Henrik Austad -- henrik@austad.us
      1 Eric Biggers -- ebiggers@google.com
      1 Eduardo Habkost -- ehabkost@redhat.com
      1 Collin Walling -- walling@linux.ibm.com
      1 Colin Ian King -- colin.king@canonical.com
      1 Christoffer Dall -- christoffer.dall@arm.com
      1 Christian Borntraeger -- borntraeger@de.ibm.com
      1 Cfir Cohen -- cfir@google.com
      1 Cameron Kaiser -- spectre@floodgap.com
      1 Anshuman Khandual -- anshuman.khandual@arm.com
      1 Andrea Parri -- andrea.parri@amarulasolutions.com
      1 Anders Roxell -- anders.roxell@linaro.org
