     22 Paolo Bonzini -- pbonzini@redhat.com
     20 Nadav Amit -- namit@cs.technion.ac.il
     18 Christoffer Dall -- christoffer.dall@linaro.org
     13 Christian Borntraeger -- borntraeger@de.ibm.com
      9 Will Deacon -- will.deacon@arm.com
      8 Tang Chen -- tangchen@cn.fujitsu.com
      8 Radim Krčmář -- rkrcmar@redhat.com
      8 Mihai Caraman -- mihai.caraman@freescale.com
      8 Marc Zyngier -- marc.zyngier@arm.com
      8 Bharat Bhushan -- Bharat.Bhushan@freescale.com
      7 Wanpeng Li -- wanpeng.li@linux.intel.com
      7 Jiri Olsa -- jolsa@kernel.org
      7 Ard Biesheuvel -- ard.biesheuvel@linaro.org
      5 David Hildenbrand -- dahi@linux.vnet.ibm.com
      4 Jens Freimann -- jfrei@linux.vnet.ibm.com
      4 Andres Lagar-Cavilla -- andreslc@google.com
      4 Alexander Yarygin -- yarygin@linux.vnet.ibm.com
      3 Namhyung Kim -- namhyung@kernel.org
      3 Martin Schwidefsky -- schwidefsky@de.ibm.com
      3 David Matlack -- dmatlack@google.com
      2 Tiejun Chen -- tiejun.chen@intel.com
      2 Tejun Heo -- tj@kernel.org
      2 Pranith Kumar -- bobby.prani@gmail.com
      2 Paul E. McKenney -- paulmck@linux.vnet.ibm.com
      2 Michael S. Tsirkin -- mst@redhat.com
      2 Madhavan Srinivasan -- maddy@linux.vnet.ibm.com
      2 Christoph Lameter -- cl@linux.com
      2 Arnaldo Carvalho de Melo -- acme@redhat.com
      2 Andy Honig -- ahonig@google.com
      2 Alex Bennée -- alex.bennee@linaro.org
      1 Zhang Haoyu -- zhanghy@sangfor.com
      1 Wei Huang -- wehuang@redhat.com
      1 Vladimir Murzin -- vladimir.murzin@arm.com
      1 Ulrich Obergfell -- uobergfe@redhat.com
      1 Tony Krowiak -- akrowiak@linux.vnet.ibm.com
      1 Taeung Song -- treeze.taeung@gmail.com
      1 Steve Capper -- steve.capper@linaro.org
      1 Sebastian Ott -- sebott@linux.vnet.ibm.com
      1 Quentin Casasnovas -- quentin.casasnovas@oracle.com
      1 Petr Matousek -- pmatouse@redhat.com
      1 Paul Mackerras -- paulus@samba.org
      1 Paul Mackerras -- paulus@au1.ibm.com
      1 Monam Agarwal -- monamagarwal123@gmail.com
      1 Michael Neuling -- mikey@neuling.org
      1 Masanari Iida -- standby24x7@gmail.com
      1 Masami Hiramatsu -- masami.hiramatsu.pt@hitachi.com
      1 Mark Rutland -- mark.rutland@arm.com
      1 Marcelo Tosatti -- mtosatti@redhat.com
      1 Liang Chen -- liangchen.linux@gmail.com
      1 Joerg Roedel -- jroedel@suse.de
      1 Joel Schopp -- joel.schopp@amd.com
      1 Jan Kiszka -- jan.kiszka@siemens.com
      1 Guo Hui Liu -- liuguohui@gmail.com
      1 Ethan Zhao -- ethan.zhao@oracle.com
      1 Eric Auger -- eric.auger@linaro.org
      1 Cornelia Huck -- cornelia.huck@de.ibm.com
      1 Chen Yucong -- slaoub@gmail.com
      1 Arnd Bergmann -- arnd@arndb.de
      1 Aneesh Kumar K.V -- aneesh.kumar@linux.vnet.ibm.com
      1 Andy Lutomirski -- luto@amacapital.net
      1 Alex Williamson -- alex.williamson@redhat.com
      1 Alexander Graf -- agraf@suse.de
