     54 Avi Kivity -- avi@redhat.com
     40 Xiao Guangrong -- xiaoguangrong@cn.fujitsu.com
     33 Gleb Natapov -- gleb@redhat.com
      9 Wei Yongjun -- yjwei@cn.fujitsu.com
      9 Sheng Yang -- sheng@linux.intel.com
      9 Gui Jianfeng -- guijianfeng@cn.fujitsu.com
      5 Zachary Amsden -- zamsden@redhat.com
      5 Lai Jiangshan -- laijs@cn.fujitsu.com
      5 Alexander Graf -- agraf@suse.de
      4 Mohammed Gamal -- m.gamal005@gmail.com
      4 Joerg Roedel -- joerg.roedel@amd.com
      4 Dongxiao Xu -- dongxiao.xu@intel.com
      4 Chris Lalancette -- clalance@redhat.com
      3 Takuya Yoshikawa -- yoshikawa.takuya@oss.ntt.co.jp
      2 Xiaotian Feng -- dfeng@redhat.com
      2 Huang Ying -- ying.huang@intel.com
      2 Christian Borntraeger -- borntraeger@de.ibm.com
      2 Andi Kleen -- andi@firstfloor.org
      1 Uwe Kleine-König -- u.kleine-koenig@pengutronix.de
      1 Michael S. Tsirkin -- mst@redhat.com
      1 Marcelo Tosatti -- mtosatti@redhat.com
      1 Joe Perches -- joe@perches.com
      1 Jiri Slaby -- jirislaby@gmail.com
      1 Jason Wang -- jasowang@redhat.com
      1 Jan Kiszka -- jan.kiszka@siemens.com
      1 H. Peter Anvin -- hpa@zytor.com
      1 Hans Rosenfeld -- hans.rosenfeld@amd.com
      1 Glauber Costa -- glommer@redhat.com
      1 Dexuan Cui -- dexuan.cui@intel.com
      1 Denis Kirjanov -- dkirjanov@hera.kernel.org
      1 Brian Gerst -- brgerst@gmail.com
      1 Asias He -- asias.hejun@gmail.com
      1 Andreas Schwab -- schwab@linux-m68k.org
      1 Andrea Arcangeli -- aarcange@redhat.com
      1 Alex Williamson -- alex.williamson@redhat.com
