
First Name	Last Name	Display Name	Nickname	Primary Email	Secondary Email	Screen Name	Work Phone	Home Phone	Fax Number	Pager Number	Mobile Number	Home Address	Home Address 2	Home City	Home State	Home ZipCode	Home Country	Work Address	Work Address 2	Work City	Work State	Work ZipCode	Work Country	Job Title	Department	Organization	Web Page 1	Web Page 2	Birth Year	Birth Month	Birth Day	Custom 1	Custom 2	Custom 3	Custom 4	Notes	
		Adam Radford		aradford@gmail.com>
		Akihiro Tsukada		tskd08@gmail.com>
		Akinobu Mita		akinobu.mita@gmail.com>
		Al Cooper		alcooperx@gmail.com>
		Alexander Aring		alex.aring@gmail.com>
		Alexander Sverdlin		alexander.sverdlin@gmail.com>
		Alexandre Bounine		alex.bou9@gmail.com>
		Alexey Klimov		klimov.linux@gmail.com>
		Allen Hubbe		allenbh@gmail.com>
		Amit Daniel Kachhap		amit.kachhap@gmail.com>
		Amitkumar Karwar		amitkarwar@gmail.com>
		Andreas Noever		andreas.noever@gmail.com>
		Andrew Hendry		andrew.hendry@gmail.com>
		Andrey Moiseev		o2g.org.ru@gmail.com>
		Antonino Daplas		adaplas@gmail.com>
		Artem Bityutskiy		dedekind1@gmail.com>
		Arvind R.		arvino55@gmail.com>
		Aurelien Jacquiot		jacquiot.aurelien@gmail.com>
		Avi Fishman		avifishman70@gmail.com>
		Azael Avalos		coproscefalo@gmail.com>
		Balbir Singh		bsingharora@gmail.com>
		Bamvor Jian Zhang		bamv2005@gmail.com>
		Boqun Feng		boqun.feng@gmail.com>
		Brian Johnson		brijohn@gmail.com>
		Brian Norris		computersforpeace@gmail.com>
		Cezary Jackiewicz		cezary.jackiewicz@gmail.com>
		Chas Williams		3chas3@gmail.com>
		Chris Snook		chris.snook@gmail.com>
		Chunyan Zhang		zhang.lyra@gmail.com>
		Cong Wang		xiyou.wangcong@gmail.com>
		Corentin Chary		corentin.chary@gmail.com>
		Corentin Labbe		clabbe.montjoie@gmail.com>
		Daniel Mack		zonque@gmail.com>
		David Lin		dtwlin@gmail.com>
		Dmitry Eremin-Solenikov		dbaryshkov@gmail.com>
		Dmitry Kasatkin		dmitry.kasatkin@gmail.com>
		Dmitry Osipenko		digetx@gmail.com>
		Dmitry Torokhov		dmitry.torokhov@gmail.com>
		Doug Berger		opendmb@gmail.com>
		Eduardo Valentin		edubezval@gmail.com>
		Eli Billauer		eli.billauer@gmail.com>
		Enric Balletbo i Serra		eballetbo@gmail.com>
		Eric Van Hensbergen		ericvh@gmail.com>
		Erik Andren		erik.andren@gmail.com>
		Ettore Chimenti		ek5.chimenti@gmail.com>
		Fabio Estevam		festevam@gmail.com>
		Florian Fainelli		f.fainelli@gmail.com>
		Frank Rowand		frowand.list@gmail.com>
		Frederic Weisbecker		fweisbec@gmail.com>
		Greentime Hu		green.hu@gmail.com>
		Gregory Fong		gregory.0xf0@gmail.com>
		Guillaume Ligneul		guillaume.ligneul@gmail.com>
		Haavard Skinnemoen		hskinnemoen@gmail.com>
		Haojian Zhuang		haojian.zhuang@gmail.com>
		Harry Wei		harryxiyou@gmail.com>
		Harvey Hunt		harveyhuntnexus@gmail.com>
		Heiner Kallweit		hkallweit1@gmail.com>
		Henk Vergonet		Henk.Vergonet@gmail.com>
		Hung Hing Lun, Mike		hlhung3i@gmail.com>
M:  Ilia Lin		ilia.lin@gmail.com>
		Ilya Dryomov		idryomov@gmail.com>
		Jacek Anaszewski		jacek.anaszewski@gmail.com>
		Jassi Brar		jassisinghbrar@gmail.com>
		Jaya Kumar		jayakumar.alsa@gmail.com>
		Jay Cliburn		jcliburn@gmail.com>
		Jay Vosburgh		j.vosburgh@gmail.com>
		Jemma Denson		jdenson@gmail.com>
		Jens Frederich		jfrederich@gmail.com>
		Jes Sorensen		Jes.Sorensen@gmail.com>
		Jim Cromie		jim.cromie@gmail.com>
		Jingoo Han		jingoohan1@gmail.com>
		Jiri Slaby		jirislaby@gmail.com>
		João Paulo Rechi Vita		jprvita@gmail.com>
		Johan Hedberg		johan.hedberg@gmail.com>
		Johannes Thumshirn		morbidrsa@gmail.com>
		John Fastabend		john.fastabend@gmail.com>
		Jon Nettleton		jon.nettleton@gmail.com>
		Juerg Haefliger		juergh@gmail.com>
		Kamal Dasu		kdasu.kdev@gmail.com>
		Keguang Zhang		keguang.zhang@gmail.com>
		Kent Overstreet		kent.overstreet@gmail.com>
		Kevin Cernekee		cernekee@gmail.com>
		Kristoffer Ericson		kristoffer.ericson@gmail.com>
		Ksenija Stanojevic		ksenija.stanojevic@gmail.com>
		Lad, Prabhakar		prabhakar.csengg@gmail.com>
		Lai Jiangshan		jiangshanlai@gmail.com>
		Leandro Costantino		lcostantino@gmail.com>
		Liam Girdwood		lgirdwood@gmail.com>
		Linas Vepstas		linasvepstas@gmail.com>
		Lorenzo Bianconi		lorenzo.bianconi83@gmail.com>
		Luca Tettamanti		kronos.it@gmail.com>
		Luc Van Oostenryck		luc.vanoostenryck@gmail.com>
		Magnus Damm		magnus.damm@gmail.com>
		Malcolm Priestley		tvboxspy@gmail.com>
		Manohar Vanga		manohar.vanga@gmail.com>
		Manuel Lauss		manuel.lauss@gmail.com>
		Marcelo Ricardo Leitner		marcelo.leitner@gmail.com>
		Marcus Folkesson		marcus.folkesson@gmail.com>
		Marek Vasut		marek.vasut@gmail.com>
		Marek Vasut		marek.vasut+renesas@gmail.com>
		Mark Einon		mark.einon@gmail.com>
		Mark F. Brown		mark.brown314@gmail.com>
		Matthias Brugger		matthias.bgg@gmail.com>
		Matt Turner		mattst88@gmail.com>
		Max Filippov		jcmvbkbc@gmail.com>
		Maxime Coquelin		mcoquelin.stm32@gmail.com>
		Maxim Levitsky		maximlevitsky@gmail.com>
		Michael Kerrisk		mtk.manpages@gmail.com>
		Michael Schmitz		schmitzmic@gmail.com>
		Miguel Ojeda		miguel.ojeda.sandonis@gmail.com>
		Miguel Ojeda Sandonis		miguel.ojeda.sandonis@gmail.com>
		Mikael Pettersson		mikpelinux@gmail.com>
		Nicholas Piggin		npiggin@gmail.com>
		Nick Kossifidis		mickflemm@gmail.com>
		Nick Piggin		npiggin@gmail.com>
		Nicolin Chen		nicoleotsuka@gmail.com>
		Oded Gabbay		oded.gabbay@gmail.com>
		Oliver O'Halloran		oohall@gmail.com>
		Orson Zhai		orsonzhai@gmail.com>
		Pali Rohár		pali.rohar@gmail.com>
		Pantelis Antoniou		pantelis.antoniou@gmail.com>
		Patrik Jakobsson		patrik.r.jakobsson@gmail.com>
		Paulo Flabiano Smorigo		pfsmorigo@gmail.com>
		Peter Senna Tschudin		peter.senna@gmail.com>
		Philipp Zabel		philipp.zabel@gmail.com>
		Pontus Fuchs		pontus.fuchs@gmail.com>
		Pratyush Anand		pratyush.anand@gmail.com>
		Rafał Miłecki		zajec5@gmail.com>
		Rahul Bedarkar		rahulbedarkar89@gmail.com>
		Remi Denis-Courmont		courmisch@gmail.com>
		Ricardo Ribalda		ricardo.ribalda@gmail.com>
		Richard Cochran		richardcochran@gmail.com>
		Richard Genoud		richard.genoud@gmail.com>
		Rob Clark		robdclark@gmail.com>
		Robin Holt		robinmholt@gmail.com>
		Rongrong Zou		zourongrong@gmail.com>
		Rui Miguel Silva		rmfrfs@gmail.com>
		Salah Triki		salah.triki@gmail.com>
		Sebastian Hesselbarth		sebastian.hesselbarth@gmail.com>
		Serge Semin		fancer.lancer@gmail.com>
		Sergey Senozhatsky		sergey.senozhatsky@gmail.com>
		Shiraz Hashim		shiraz.linux.kernel@gmail.com>
		Shrijeet Mukherjee		shrijeet@gmail.com>
		Shubham Bansal		illusionist.neo@gmail.com>
		Siva Rebbagondla		siva8118@gmail.com>
		Song Qiang		songqiang1304521@gmail.com>
		Stafford Horne		shorne@gmail.com>
		Stanislav Yakovlev		stas.yakovlev@gmail.com>
		Stephen Chandler Paul		thatslyude@gmail.com>
		Steve Longerbeam		slongerbeam@gmail.com>
		Steven Eckhoff		steven.eckhoff.opensource@gmail.com>
		Steve Sakoman		sakoman@gmail.com>
		Stuart Hayes		stuart.w.hayes@gmail.com>
		Stuart Yoder		stuyoder@gmail.com>
		Sudip Mukherjee		sudipm.mukherjee@gmail.com>
		Suraj Jitindar Singh		sjitindarsingh@gmail.com>
		Sylvain Lemieux		slemieux.tyco@gmail.com>
		Sylwester Nawrocki		sylvester.nawrocki@gmail.com>
		Thierry Reding		thierry.reding@gmail.com>
		Tigran A. Aivazian		aivazian.tigran@gmail.com>
		Todor Tomov		todor.too@gmail.com>
		Tomasz Figa		tomasz.figa@gmail.com>
		Tomer Maimon		tmaimon77@gmail.com>
		Vaibhav Agarwal		vaibhav.sr@gmail.com>
		Vaibhav Hiremath		hvaibhav.linux@gmail.com>
		Valentina Manea		valentina.manea.m@gmail.com>
		Varka Bhadram		varkabhadram@gmail.com>
		Veaceslav Falico		vfalico@gmail.com>
		Vinayak Holikatti		vinholikatti@gmail.com>
		Vincent Chen		deanbo422@gmail.com>
		Vivien Didelot		vivien.didelot@gmail.com>
		Vladimir Davydov		vdavydov.dev@gmail.com>
		Vlad Yasevich		vyasevich@gmail.com>
		Wang YanQing		udknight@gmail.com>
		Wanlong Gao		wanlong.gao@gmail.com>
		Wan ZongShun		mcuos.com@gmail.com>
		William Breathitt Gray		vilhelm.gray@gmail.com>
		William Breathitt Gray		vilhelm.gray@gmail.com>
		William Hubbs		w.d.hubbs@gmail.com>
		Wong Hoi Sing, Edison		hswong3i@gmail.com>
		Xinming Hu		huxinming820@gmail.com>
		Xiubo Li		Xiubo.Lee@gmail.com>
		Xue Liu		liuxuenetmail@gmail.com>
		Yehezkel Bernat		YehezkelShB@gmail.com>
		Yotam Gigi		yotam.gi@gmail.com>
		Zi Shen Lim		zlim.lnx@gmail.com>
		Zwane Mwaikambo		zwanem@gmail.com>
