
First Name	Last Name	Display Name	Nickname	Primary Email	Secondary Email	Screen Name	Work Phone	Home Phone	Fax Number	Pager Number	Mobile Number	Home Address	Home Address 2	Home City	Home State	Home ZipCode	Home Country	Work Address	Work Address 2	Work City	Work State	Work ZipCode	Work Country	Job Title	Department	Organization	Web Page 1	Web Page 2	Birth Year	Birth Month	Birth Day	Custom 1	Custom 2	Custom 3	Custom 4	Notes	
		Adrian Hunter		adrian.hunter@intel.com>
		Alexander Shishkin		alexander.shishkin@linux.intel.com>
		Andy Shevchenko		andriy.shevchenko@linux.intel.com>
		Anil S Keshavamurthy		anil.s.keshavamurthy@intel.com>
		Artur Paszkiewicz		artur.paszkiewicz@intel.com>
		Ashutosh Dixit		ashutosh.dixit@intel.com>
		Bingbu Cao		bingbu.cao@intel.com>
		Björn Töpel		bjorn.topel@intel.com>
		Chen Yu		yu.c.chen@intel.com>
		Dan Williams		dan.j.williams@intel.com>
		Dave Hansen		dave.hansen@linux.intel.com>
		Dave Jiang		dave.jiang@intel.com>
		David Cohen		david.a.cohen@linux.intel.com>
		David E. Box		david.e.box@linux.intel.com>
		Dennis Dalessandro		dennis.dalessandro@intel.com>
		Emmanuel Grumbach		emmanuel.grumbach@intel.com>
		Erik Schmauss		erik.schmauss@intel.com>
		Faisal Latif		faisal.latif@intel.com>
		Fenghua Yu		fenghua.yu@intel.com>
		Giovanni Cabiddu		giovanni.cabiddu@intel.com>
		Heikki Krogerus		heikki.krogerus@linux.intel.com>
		Inaky Perez-Gonzalez		inaky.perez-gonzalez@intel.com>
		Intel Linux Wireless		linuxwifi@intel.com>
		Intel SCU Linux support		intel-linux-scu@intel.com>
		Jacob Pan		jacob.jun.pan@linux.intel.com>
		Jani Nikula		jani.nikula@linux.intel.com>
		Jarkko Nikula		jarkko.nikula@linux.intel.com>
M:      Jarkko Sakkinen		jarkko.sakkinen@linux.intel.com>
		Jarkko Sakkinen		jarkko.sakkinen@linux.intel.com>
		Jeff Kirsher		jeffrey.t.kirsher@intel.com>
		Jie Yang		yang.jie@linux.intel.com>
		Johannes Berg		johannes.berg@intel.com>
		Jonathan Derrick		jonathan.derrick@intel.com>
		Joonas Lahtinen		joonas.lahtinen@linux.intel.com>
		Jukka Rissanen		jukka.rissanen@linux.intel.com>
		Keith Busch		keith.busch@intel.com>
		Kuppuswamy Sathyanarayanan		sathyanarayanan.kuppuswamy@linux.intel.com>
		Len Brown		len.brown@intel.com>
		Liam Girdwood		liam.r.girdwood@linux.intel.com>
		linux-wimax@intel.com
		Luca Coelho		luciano.coelho@intel.com>
		Maarten Lankhorst		maarten.lankhorst@linux.intel.com>
		Magnus Karlsson		magnus.karlsson@intel.com>
		Mark Gross		mark.gross@intel.com>
		Mathias Nyman		mathias.nyman@intel.com>
		Michael Jamet		michael.jamet@intel.com>
		Mika Westerberg		mika.westerberg@linux.intel.com>
		Mike Marciniszyn		mike.marciniszyn@intel.com>
		Ning Sun		ning.sun@intel.com>
		Niranjana Vishwanathapura		niranjana.vishwanathapura@intel.com>
		Pierre-Louis Bossart		pierre-louis.bossart@linux.intel.com>
		Rafael J. Wysocki		rafael.j.wysocki@intel.com>
		Rajneesh Bhardwaj		rajneesh.bhardwaj@intel.com>
		Rajneesh Bhardwaj		rajneesh.bhardwaj@linux.intel.com>
		Reinette Chatre		reinette.chatre@intel.com>
		Robert Moore		robert.moore@intel.com>
		Rodrigo Vivi		rodrigo.vivi@intel.com>
		Sakari Ailus		sakari.ailus@linux.intel.com>
		Samuel Ortiz		sameo@linux.intel.com>
		Sanyog Kale		sanyog.r.kale@intel.com>
		Scott Bauer		scott.bauer@intel.com>
		Seth Heasley		seth.heasley@intel.com>
		Shiraz Saleem		shiraz.saleem@intel.com>
		Sridhar Samudrala		sridhar.samudrala@intel.com>
		Srinivas Pandruvada		srinivas.pandruvada@linux.intel.com>
		Sudeep Dutt		sudeep.dutt@intel.com>
		Sujith Thomas		sujith.thomas@intel.com>
		Thor Thayer		thor.thayer@linux.intel.com>
		Tianshu Qiu		tian.shu.qiu@intel.com>
		Tomas Winkler		tomas.winkler@intel.com>
		Tony Luck		tony.luck@intel.com>
		Vishal Verma		vishal.l.verma@intel.com>
		Vishwanath Somayaji		vishwanath.somayaji@intel.com>
		Wu Hao		hao.wu@intel.com>
		Yong Zhi		yong.zhi@intel.com>
		Zhang Rui		rui.zhang@intel.com>
		Zha Qipeng<qipeng.zha@intel.com>
		Zhenyu Wang		zhenyuw@linux.intel.com>
		Zhi Wang		zhi.a.wang@intel.com>
