
First Name	Last Name	Display Name	Nickname	Primary Email	Secondary Email	Screen Name	Work Phone	Home Phone	Fax Number	Pager Number	Mobile Number	Home Address	Home Address 2	Home City	Home State	Home ZipCode	Home Country	Work Address	Work Address 2	Work City	Work State	Work ZipCode	Work Country	Job Title	Department	Organization	Web Page 1	Web Page 2	Birth Year	Birth Month	Birth Day	Custom 1	Custom 2	Custom 3	Custom 4	Notes	
		Amit Kucheria		amit.kucheria@linaro.org>
		Andy Gross		andy.gross@linaro.org>
		Ard Biesheuvel		ard.biesheuvel@linaro.org>
		Baolin Wang		baolin.wang@linaro.org>
		Benjamin Gaignard		benjamin.gaignard@linaro.org>
		Bjorn Andersson		bjorn.andersson@linaro.org>
		Daniel Lezcano		daniel.lezcano@linaro.org>
		Daniel Thompson		daniel.thompson@linaro.org>
		David Brown		david.brown@linaro.org>
		Hanjun Guo		hanjun.guo@linaro.org>
		Haojian Zhuang		haojian.zhuang@linaro.org>
		Jassi Brar		jaswinder.singh@linaro.org>
		Jens Wiklander		jens.wiklander@linaro.org>
		John Stultz		john.stultz@linaro.org>
		Jun Nie		jun.nie@linaro.org>
		Lee Jones		lee.jones@linaro.org>
		Linus Walleij		linus.walleij@linaro.org>
		Manivannan Sadhasivam		manivannan.sadhasivam@linaro.org>
		Mathieu Poirier		mathieu.poirier@linaro.org>
		Nicolas Pitre		nico@linaro.org>
		Paolo Valente		paolo.valente@linaro.org>
		Shawn Guo		shawn.guo@linaro.org>
		Srinivas Kandagatla		srinivas.kandagatla@linaro.org>
		Stanimir Varbanov		stanimir.varbanov@linaro.org>
		Sumit Semwal		sumit.semwal@linaro.org>
		Ulf Hansson		ulf.hansson@linaro.org>
		Viresh Kumar		viresh.kumar@linaro.org>
