
First Name	Last Name	Display Name	Nickname	Primary Email	Secondary Email	Screen Name	Work Phone	Home Phone	Fax Number	Pager Number	Mobile Number	Home Address	Home Address 2	Home City	Home State	Home ZipCode	Home Country	Work Address	Work Address 2	Work City	Work State	Work ZipCode	Work Country	Job Title	Department	Organization	Web Page 1	Web Page 2	Birth Year	Birth Month	Birth Day	Custom 1	Custom 2	Custom 3	Custom 4	Notes	
		Andrzej Hajda		a.hajda@samsung.com>
		Andrzej Pietrasiewicz		andrzej.p@samsung.com>
		Bartlomiej Zolnierkiewicz		b.zolnierkie@samsung.com>
		Byungho An		bh74.an@samsung.com>
		Chanwoo Choi		cw00.choi@samsung.com>
		Girish K S		ks.giri@samsung.com>
		Heungjun Kim		riverful.kim@samsung.com>
		Inki Dae		inki.dae@samsung.com>
		Jaehoon Chung		jh80.chung@samsung.com>
		Jeongtae Park		jtp.park@samsung.com>
		Joonyoung Shim		jy0922.shim@samsung.com>
		Kamil Konieczny		k.konieczny@partner.samsung.com>
		Krzysztof Opasiak		k.opasiak@samsung.com>
		Kyungmin Park		kyungmin.park@samsung.com>
		Łukasz Stelmach		l.stelmach@samsung.com>
		Marek Szyprowski		m.szyprowski@samsung.com>
		MyungJoo Ham		myungjoo.ham@samsung.com>
		Robert Baldyga		r.baldyga@samsung.com>
		Sangbeom Kim		sbkim73@samsung.com>
		Seung-Woo Kim		sw0312.kim@samsung.com>
		Sylwester Nawrocki		s.nawrocki@samsung.com>
		Vipul Pandya		vipul.pandya@samsung.com>
